state,county,weight,count,state,n_the_tweets,mis_index_weight,mis_index_count
alabama,chilton,1.0,1,,,,
alabama,crenshaw,6.079270533212484,7,1.0,1.0,6.079270533212484,7.0
alabama,cullman,5.353658043881253,12,5.0,5.0,1.0707316087762506,2.4
alabama,geneva,3.0,3,18.0,18.0,0.16666666666666666,0.16666666666666666
alabama,mobile,259.28071854967106,394,240.0,240.0,1.0803363272902962,1.6416666666666666
alabama,talladega,3.698664889975519,8,6.0,6.0,0.6164441483292532,1.3333333333333333
alabama,tuscaloosa,96.02011146932225,133,138.0,138.0,0.6957979091979872,0.9637681159420289
alaska,anchorage,92.2866310920541,147,271.0,271.0,0.340541074140421,0.5424354243542435
alaska,sitka,3.0,3,4.0,4.0,0.75,0.75
arizona,maricopa,5.626448974160054,10,7.0,7.0,0.8037784248800077,1.4285714285714286
arizona,pima,1.0,1,1.0,1.0,1.0,1.0
arizona,yavapai,1.0,1,13.0,13.0,0.07692307692307693,0.07692307692307693
arkansas,conway,39.999016284872674,69,60.0,60.0,0.6666502714145446,1.15
arkansas,lonoke,2.1270866442054728,3,,,,
arkansas,searcy,2.60044365916856,5,8.0,8.0,0.32505545739607,0.625
arkansas,sebastian,1.0,1,,,,
california,alameda,9.597407452399978,12,65.0,65.0,0.14765242234461504,0.18461538461538463
california,alpine,4.521173125956076,6,9.0,9.0,0.5023525695506751,0.6666666666666666
california,amador,0.3940864817506029,1,,,,
california,colusa,0.9357788112779772,1,,,,
california,el dorado,4.394086481750603,5,4.0,4.0,1.0985216204376507,1.25
california,fresno,274.2053615653946,364,408.0,408.0,0.6720719646210651,0.8921568627450981
california,imperial,4.2063571774179564,6,4.0,4.0,1.0515892943544891,1.5
california,los angeles,7587.980057039176,10464,11112.0,11112.0,0.6828635760474421,0.9416846652267818
california,madera,20.408326928000502,27,6.0,6.0,3.401387821333417,4.5
california,marin,2.0,2,32.0,32.0,0.0625,0.0625
california,mariposa,0.0130026574957471,1,9.0,9.0,0.0014447397217496778,0.1111111111111111
california,merced,24.8738913773665,32,43.0,43.0,0.578462590171314,0.7441860465116279
california,mono,0.2541732884109456,2,6.0,6.0,0.042362214735157604,0.3333333333333333
california,monterey,28.54280602029754,44,82.0,82.0,0.34808300024753097,0.5365853658536586
california,napa,14.596759472294448,23,52.0,52.0,0.2807069129287394,0.4423076923076923
california,nevada,1.0,1,8.0,8.0,0.125,0.125
california,riverside,192.32569593253598,250,233.0,233.0,0.8254321713842746,1.0729613733905579
california,sacramento,655.7917075431448,862,1097.0,1097.0,0.5978046559190016,0.7857793983591613
california,san bernardino,151.00894265137956,185,87.0,87.0,1.7357349730043627,2.1264367816091956
california,san diego,1324.4545792281026,1921,2676.0,2676.0,0.4949381835680503,0.7178624813153961
california,san francisco,1013.2541751835722,1428,3250.0,3250.0,0.3117705154410991,0.4393846153846154
california,san joaquin,1.0,1,2.0,2.0,0.5,0.5
california,san luis obispo,8.586079142478264,16,73.0,73.0,0.11761752249970224,0.2191780821917808
california,san mateo,18.375247562228626,28,78.0,78.0,0.23558009695164905,0.358974358974359
california,santa barbara,37.696330966299286,50,204.0,204.0,0.1847859361093102,0.24509803921568626
california,santa clara,6.732085501207919,11,154.0,154.0,0.04371484091693454,0.07142857142857142
california,santa cruz,36.09879681442744,56,199.0,199.0,0.1814009890172233,0.2814070351758794
california,siskiyou,1.0,1,,,,
california,sonoma,6.575910247871707,12,63.0,63.0,0.10437952774399534,0.19047619047619047
california,tulare,17.924249601912845,23,5.0,5.0,3.584849920382569,4.6
california,tuolumne,1.0,1,1.0,1.0,1.0,1.0
california,ventura,33.50584920158069,52,127.0,127.0,0.2638255842644149,0.4094488188976378
california,yolo,7.4699545947298,10,4.0,4.0,1.86748864868245,2.5
california,yuba,7.390978778552058,11,3.0,3.0,2.463659592850686,3.6666666666666665
colorado,alamosa,1.1903183131536281,2,5.0,5.0,0.23806366263072562,0.4
colorado,boulder,39.833104439210885,55,422.0,422.0,0.09439124274694523,0.13033175355450238
colorado,broomfield,5.661262427657295,9,37.0,37.0,0.15300709263938636,0.24324324324324326
colorado,denver,1010.5583032308482,1503,3132.0,3132.0,0.32265590780039854,0.47988505747126436
colorado,eagle,1.0,1,16.0,16.0,0.0625,0.0625
colorado,la plata,5.394086481750603,6,1.0,1.0,5.394086481750603,6.0
colorado,las animas,0.3940864817506029,1,,,,
colorado,montrose,1.4993776131078482,4,6.0,6.0,0.24989626885130803,0.6666666666666666
colorado,pueblo,9.838438533308475,22,50.0,50.0,0.1967687706661695,0.44
colorado,weld,1.394086481750603,2,,,,
connecticut,hartford,87.91704095699333,126,152.0,152.0,0.5784015852433771,0.8289473684210527
connecticut,new haven,172.8413813276597,232,246.0,246.0,0.7026072411693484,0.943089430894309
connecticut,new london,31.38371389632897,40,23.0,23.0,1.36450929984039,1.7391304347826086
connecticut,tolland,1.0,1,2.0,2.0,0.5,0.5
delaware,new castle,9.679714192381043,13,17.0,17.0,0.5693949524930025,0.7647058823529411
district of columbia,district of columbia,38.361551617593705,48,36.0,36.0,1.0655986560442696,1.3333333333333333
florida,alachua,0.1270866442054728,1,1.0,1.0,0.1270866442054728,1.0
florida,broward,230.97550495693113,353,75.0,75.0,3.0796733994257486,4.706666666666667
florida,dixie,0.6896959262614764,4,6.0,6.0,0.1149493210435794,0.6666666666666666
florida,gadsden,1.0,1,1.0,1.0,1.0,1.0
florida,hernando,1.0,1,5.0,5.0,0.2,0.2
florida,highlands,1.1884523406189547,4,10.0,10.0,0.11884523406189547,0.4
florida,miami-dade,2.788172963501206,4,7.0,7.0,0.3983104233573151,0.5714285714285714
florida,palm beach,54.87972871263494,82,95.0,95.0,0.5776813548698415,0.8631578947368421
florida,pasco,1.285627710630441,4,7.0,7.0,0.18366110151863443,0.5714285714285714
florida,pinellas,0.0260205981447612,1,1.0,1.0,0.0260205981447612,1.0
florida,sarasota,77.77906831566182,119,183.0,183.0,0.42502223123312466,0.6502732240437158
florida,st. johns,2.1270866442054728,3,2.0,2.0,1.0635433221027364,1.5
florida,st. lucie,0.0792705332124841,1,,,,
florida,suwannee,0.9357788112779772,1,,,,
florida,volusia,1.0,1,5.0,5.0,0.2,0.2
georgia,baldwin,1.0,1,,,,
georgia,ben hill,0.584404794904231,2,,,,
georgia,coweta,1.0,1,,,,
georgia,evans,2.7111252256449987,6,15.0,15.0,0.1807416817096666,0.4
georgia,gordon,1.0,1,,,,
georgia,gwinnett,12.4461596433916,14,8.0,8.0,1.55576995542395,1.75
georgia,irwin,1.0,1,,,,
georgia,meriwether,1.0,1,,,,
georgia,spalding,0.0260205981447612,1,6.0,6.0,0.0043367663574602,0.16666666666666666
georgia,walton,1.0260205981447612,2,7.0,7.0,0.1465743711635373,0.2857142857142857
georgia,ware,0.0520411962895224,2,,,,
guam,guam,47.83142747227879,67,26.0,26.0,1.839670287395338,2.576923076923077
hawaii,honolulu,218.01556777531158,285,479.0,479.0,0.45514732312173606,0.5949895615866388
hawaii,kauai,2.190318313153628,3,20.0,20.0,0.1095159156576814,0.15
hawaii,maui,6.409976456387288,12,39.0,39.0,0.16435837067659714,0.3076923076923077
hawaiʻi,honolulu,7.260775173239547,10,479.0,479.0,0.015158194516157719,0.020876826722338204
hawaiʻi,kauai,3.32986529302858,4,20.0,20.0,0.166493264651429,0.2
hawaiʻi,maui,1.0922731907082313,3,39.0,39.0,0.028007004889954647,0.07692307692307693
idaho,ada,2.570954939460884,5,1.0,1.0,2.570954939460884,5.0
idaho,boise,88.4379356898737,145,497.0,497.0,0.1779435325751986,0.2917505030181087
idaho,boundary,1.0,1,,,,
idaho,elmore,2.0484806327776504,3,4.0,4.0,0.5121201581944126,0.75
idaho,jerome,0.2286996181909305,2,3.0,3.0,0.07623320606364349,0.6666666666666666
idaho,payette,1.0,1,,,,
idaho,power,0.0260205981447612,1,1.0,1.0,0.0260205981447612,1.0
idaho,twin falls,6.507138213353462,11,15.0,15.0,0.43380921422356417,0.7333333333333333
illinois,effingham,1.0,1,8.0,8.0,0.125,0.125
illinois,jersey,518.8994767182708,685,375.0,375.0,1.3837319379153887,1.8266666666666667
illinois,kankakee,16.749963006859318,30,14.0,14.0,1.19642592906138,2.142857142857143
illinois,peoria,28.088115418212656,34,63.0,63.0,0.44584310187639137,0.5396825396825397
illinois,rock island,5.790395758857483,10,20.0,20.0,0.28951978794287414,0.5
indiana,dubois,1.0,1,1.0,1.0,1.0,1.0
indiana,elkhart,4.869818401078486,11,13.0,13.0,0.37460141546757586,0.8461538461538461
indiana,jay,3.190318313153628,4,13.0,13.0,0.24540910101181754,0.3076923076923077
indiana,switzerland,96.64202792083208,153,222.0,222.0,0.4353244500938382,0.6891891891891891
indiana,vigo,1.0,1,5.0,5.0,0.2,0.2
indiana,wabash,0.9152596077066786,3,2.0,2.0,0.4576298038533393,1.5
iowa,des moines,84.04389745050527,120,430.0,430.0,0.19545092430350064,0.27906976744186046
iowa,dubuque,4.409678148067332,8,34.0,34.0,0.12969641611962743,0.23529411764705882
iowa,keokuk,1.0,1,1.0,1.0,1.0,1.0
iowa,muscatine,1.206357177417957,3,14.0,14.0,0.08616836981556834,0.21428571428571427
iowa,sac,16.87596986857861,21,7.0,7.0,2.410852838368373,3.0
iowa,tama,2.0,2,1.0,1.0,2.0,2.0
iowa,wapello,0.0130026574957471,1,,,,
kansas,cloud,3.2548378101956073,6,10.0,10.0,0.3254837810195607,0.6
kansas,ellsworth,1.0,1,,,,
kansas,harvey,1.0260053149914943,3,6.0,6.0,0.17100088583191572,0.5
kansas,leavenworth,3.60044365916856,6,15.0,15.0,0.240029577277904,0.4
kansas,ness,1.0260205981447612,2,1.0,1.0,1.0260205981447612,2.0
kansas,republic,0.0130026574957471,1,,,,
kansas,riley,3.3940864817506027,4,1.0,1.0,3.3940864817506027,4.0
kansas,shawnee,4.4070891392463505,6,28.0,28.0,0.15739604068736965,0.21428571428571427
kentucky,bourbon,1.0,1,,,,
kentucky,carlisle,3.9568672950711874,13,26.0,26.0,0.15218720365658414,0.5
kentucky,casey,1.0,1,,,,
kentucky,laurel,2.0,2,5.0,5.0,0.4,0.4
kentucky,spencer,0.0792705332124841,1,,,,
louisiana,ascension parish,2.0,2,,,,
louisiana,orleans parish,2.0,2,,,,
louisiana,st. landry parish,1.0,1,,,,
louisiana,terrebonne parish,1.394086481750603,2,,,,
maine,aroostook,0.0130026574957471,1,3.0,3.0,0.0043342191652490335,0.3333333333333333
maine,oxford,15.911369924461873,45,194.0,194.0,0.08201737074464883,0.23195876288659795
maryland,anne arundel,2.0,2,5.0,5.0,0.4,0.4
maryland,baltimore,2648.3379624188005,3236,1790.0,1790.0,1.4795184147591065,1.8078212290502793
maryland,baltimore city,3.32986529302858,4,3.0,3.0,1.1099550976761934,1.3333333333333333
maryland,harford,1.0,1,2.0,2.0,0.5,0.5
maryland,prince george's,1.0,1,6.0,6.0,0.16666666666666666,0.16666666666666666
massachusetts,berkshire,4.321630042655634,8,38.0,38.0,0.11372710638567458,0.21052631578947367
massachusetts,nantucket,2.1845616645697294,5,10.0,10.0,0.21845616645697294,0.5
massachusetts,plymouth,5.753550901518794,10,18.0,18.0,0.3196417167510441,0.5555555555555556
massachusetts,worcester,58.38474451916465,84,146.0,146.0,0.3998955104052373,0.5753424657534246
michigan,alger,6.473357014963087,8,7.0,7.0,0.9247652878518695,1.1428571428571428
michigan,allegan,1.7881729635012058,3,6.0,6.0,0.29802882725020097,0.5
michigan,alpena,1.394086481750603,2,3.0,3.0,0.46469549391686765,0.6666666666666666
michigan,bay,25.438839604619847,35,29.0,29.0,0.8772013656765465,1.206896551724138
michigan,cheboygan,0.1903183131536281,1,2.0,2.0,0.09515915657681405,0.5
michigan,clare,1.0,1,1.0,1.0,1.0,1.0
michigan,hillsdale,1.4922970355027736,4,9.0,9.0,0.1658107817225304,0.4444444444444444
michigan,houghton,1.4721482761848865,5,20.0,20.0,0.07360741380924432,0.25
michigan,ionia,3.2547202163356914,6,9.0,9.0,0.3616355795928546,0.6666666666666666
michigan,isabella,1.0,1,,,,
michigan,kalamazoo,79.60393530891761,108,124.0,124.0,0.6419672202332065,0.8709677419354839
michigan,kalkaska,0.1494290849784464,1,,,,
michigan,macomb,9.665216697477355,15,22.0,22.0,0.43932803170351614,0.6818181818181818
michigan,manistee,0.0792705332124841,1,6.0,6.0,0.013211755535414017,0.16666666666666666
michigan,muskegon,59.10684692272889,76,42.0,42.0,1.4073058791125928,1.8095238095238095
michigan,newaygo,0.1270866442054728,1,,,,
michigan,oakland,2.1277511659901345,4,17.0,17.0,0.12516183329353733,0.23529411764705882
michigan,oscoda,2.0,2,2.0,2.0,1.0,1.0
michigan,roscommon,0.0260205981447612,1,8.0,8.0,0.00325257476809515,0.125
michigan,saginaw,83.50663371204179,97,41.0,41.0,2.0367471637083363,2.3658536585365852
michigan,schoolcraft,13.125730910966901,15,1.0,1.0,13.125730910966901,15.0
michigan,wexford,2.004511874799595,5,18.0,18.0,0.11136177082219972,0.2777777777777778
minnesota,anoka,1.0,1,2.0,2.0,0.5,0.5
minnesota,blue earth,11.627282691587862,18,10.0,10.0,1.1627282691587861,1.8
minnesota,carlton,1.0260205981447612,2,1.0,1.0,1.0260205981447612,2.0
minnesota,chisago,1.0,1,,,,
minnesota,pine,1.0,1,,,,
minnesota,rice,0.1494290849784464,1,3.0,3.0,0.04980969499281546,0.3333333333333333
minnesota,swift,1.0,1,,,,
minnesota,waseca,1.0,1,3.0,3.0,0.3333333333333333,0.3333333333333333
minnesota,winona,3.0,3,23.0,23.0,0.13043478260869565,0.13043478260869565
mississippi,alcorn,0.1270866442054728,1,1.0,1.0,0.1270866442054728,1.0
mississippi,george,2.0,2,,,,
mississippi,grenada,13.820017801343594,26,23.0,23.0,0.6008703391888519,1.1304347826086956
mississippi,prentiss,0.473357014963087,2,1.0,1.0,0.473357014963087,2.0
mississippi,sunflower,1.0,1,,,,
mississippi,tunica,14.876732071835107,31,,,,
missouri,andrew,0.0260053149914942,2,1.0,1.0,0.0260053149914942,2.0
missouri,cape girardeau,12.24512490073526,15,19.0,19.0,0.6444802579334347,0.7894736842105263
missouri,dade,8.998644266761428,10,4.0,4.0,2.249661066690357,2.5
missouri,new madrid,1.0,1,1.0,1.0,1.0,1.0
missouri,ozark,0.5862169797413452,5,23.0,23.0,0.025487694771362836,0.21739130434782608
missouri,ripley,1.0,1,,,,
missouri,shannon,0.0260205981447612,1,4.0,4.0,0.0065051495361903,0.25
missouri,st. charles,0.0130026574957471,1,13.0,13.0,0.001000204422749777,0.07692307692307693
missouri,st. clair,5.569653758733726,8,,,,
missouri,st. louis,79.83051865716234,108,430.0,430.0,0.18565236897014498,0.25116279069767444
missouri,ste. genevieve,0.1270866442054728,1,,,,
missouri,worth,1.0,1,,,,
montana,cascade,6.5840385814395255,9,,,,
montana,deer lodge,1.0,1,,,,
montana,missoula,16.28134013621159,31,155.0,155.0,0.1050409041045909,0.2
montana,rosebud,0.3940864817506029,1,,,,
montana,stillwater,0.0484806327776504,1,,,,
montana,treasure,2.0,2,,,,
montana,yellowstone,1.0,1,,,,
nebraska,arthur,1.1270866442054728,2,1.0,1.0,1.1270866442054728,2.0
nebraska,cedar,0.0792705332124841,1,,,,
nebraska,chase,0.19790971775609678,2,,,,
nebraska,dixon,0.1270866442054728,1,,,,
nebraska,garden,1.1903183131536281,2,5.0,5.0,0.23806366263072562,0.4
nebraska,kearney,3.153107242350234,5,27.0,27.0,0.11678174971667533,0.18518518518518517
nebraska,keith,0.0780617944342836,3,2.0,2.0,0.0390308972171418,1.5
nebraska,seward,0.3940864817506029,1,3.0,3.0,0.1313621605835343,0.3333333333333333
nebraska,valley,1.0,1,7.0,7.0,0.14285714285714285,0.14285714285714285
nevada,elko,1.0,1,15.0,15.0,0.06666666666666667,0.06666666666666667
nevada,humboldt,1.0,1,5.0,5.0,0.2,0.2
nevada,lyon,9.355786262396403,12,22.0,22.0,0.42526301192710925,0.5454545454545454
new hampshire,cheshire,13.746075274788515,39,169.0,169.0,0.08133772351945867,0.23076923076923078
new hampshire,grafton,0.0260205981447612,1,,,,
new hampshire,hillsborough,1.0,1,4.0,4.0,0.25,0.25
new hampshire,merrimack,3.510380832113622,5,7.0,7.0,0.5014829760162317,0.7142857142857143
new jersey,atlantic,33.161830556762595,39,57.0,57.0,0.581786500995835,0.6842105263157895
new jersey,bergen,3.3019921103351417,9,15.0,15.0,0.2201328073556761,0.6
new jersey,burlington,7.5098545802030605,13,27.0,27.0,0.278142762229743,0.48148148148148145
new jersey,cape may,2.1270866442054728,3,17.0,17.0,0.12512274377679253,0.17647058823529413
new jersey,hudson,2.3940864817506027,3,1.0,1.0,2.3940864817506027,3.0
new jersey,ocean,14.847475960305513,21,26.0,26.0,0.5710567677040582,0.8076923076923077
new jersey,passaic,12.473357014963087,14,5.0,5.0,2.4946714029926174,2.8
new mexico,chaves,1.0,1,,,,
new mexico,los alamos,1.0,1,9.0,9.0,0.1111111111111111,0.1111111111111111
new mexico,luna,6.758984725593528,11,19.0,19.0,0.3557360381891331,0.5789473684210527
new mexico,mora,1.0,1,,,,
new mexico,san miguel,1.0792705332124841,2,1.0,1.0,1.0792705332124841,2.0
new mexico,santa fe,19.49488370331915,36,164.0,164.0,0.11887124209340945,0.21951219512195122
new mexico,socorro,0.1270866442054728,1,2.0,2.0,0.0635433221027364,0.5
new mexico,taos,5.061483290273397,7,7.0,7.0,0.7230690414676282,1.0
new mexico,valencia,12.641613137653984,19,9.0,9.0,1.4046236819615538,2.111111111111111
new york,bronx,895.691924276738,1213,891.0,891.0,1.005265908279167,1.361391694725028
new york,cortland,3.521173125956076,5,16.0,16.0,0.22007332037225474,0.3125
new york,herkimer,2.543515566729049,4,6.0,6.0,0.4239192611215082,0.6666666666666666
new york,kings,0.1494290849784464,1,,,,
new york,livingston,1.1040823925790448,5,14.0,14.0,0.07886302804136035,0.35714285714285715
new york,nassau,7.143959225897609,11,5.0,5.0,1.4287918451795218,2.2
new york,niagara,4.0,4,15.0,15.0,0.26666666666666666,0.26666666666666666
new york,ontario,1.1903183131536281,2,2.0,2.0,0.5951591565768141,1.0
new york,oswego,11.429168954108206,27,38.0,38.0,0.30076760405547914,0.7105263157894737
new york,otsego,1.0,1,,,,
new york,queens,668.8181349754025,944,981.0,981.0,0.6817717991594316,0.9622833843017329
new york,rockland,3.3940864817506027,4,13.0,13.0,0.26108357551927713,0.3076923076923077
new york,schenectady,11.940290686077573,15,59.0,59.0,0.20237780823860294,0.2542372881355932
new york,ulster,2.026020598144761,3,11.0,11.0,0.18418369074043284,0.2727272727272727
new york,westchester,6.649274202049397,13,84.0,84.0,0.07915802621487378,0.15476190476190477
north carolina,alamance,3.9986442667614273,5,2.0,2.0,1.9993221333807136,2.5
north carolina,anson,0.1270866442054728,1,,,,
north carolina,carteret,0.3940864817506029,1,1.0,1.0,0.3940864817506029,1.0
north carolina,catawba,5.0,5,,,,
north carolina,chatham,0.0260205981447612,1,4.0,4.0,0.0065051495361903,0.25
north carolina,currituck,2.0,2,,,,
north carolina,durham,183.5625054681353,236,432.0,432.0,0.42491320710216507,0.5462962962962963
north carolina,graham,1.4668340423375472,4,4.0,4.0,0.3667085105843868,1.0
north carolina,hertford,0.3940864817506029,1,13.0,13.0,0.030314344750046376,0.07692307692307693
north carolina,lenoir,1.394086481750603,2,8.0,8.0,0.17426081021882536,0.25
north carolina,nash,2.3940864817506027,3,1.0,1.0,2.3940864817506027,3.0
north carolina,pitt,2.0,2,2.0,2.0,1.0,1.0
north carolina,rowan,0.584404794904231,2,,,,
north carolina,scotland,218.69945494811736,748,2252.0,2252.0,0.0971134347016507,0.3321492007104796
north carolina,transylvania,17.251719775848443,26,19.0,19.0,0.9079852513604444,1.368421052631579
north dakota,barnes,1.0,1,,,,
north dakota,grand forks,2.94037001711248,7,57.0,57.0,0.051585438896710176,0.12280701754385964
ohio,ashtabula,15.707562949389507,24,8.0,8.0,1.9634453686736884,3.0
ohio,athens,21.356660768967778,38,87.0,87.0,0.24547885941342273,0.4367816091954023
ohio,belmont,0.0484806327776504,1,2.0,2.0,0.0242403163888252,0.5
ohio,coshocton,3.3940864817506027,4,8.0,8.0,0.42426081021882533,0.5
ohio,defiance,4.2541732884109456,6,20.0,20.0,0.21270866442054728,0.3
ohio,guernsey,3.4981688743296475,8,86.0,86.0,0.040676382259647065,0.09302325581395349
ohio,huron,1.06286545548345,2,2.0,2.0,0.531432727741725,1.0
ohio,lorain,23.321996742005997,49,35.0,35.0,0.6663427640573142,1.4
ohio,lucas,2.3940864817506027,3,,,,
ohio,ross,3.0260053149914943,5,2.0,2.0,1.5130026574957471,2.5
ohio,sandusky,18.230007752300256,27,51.0,51.0,0.35745113239804427,0.5294117647058824
ohio,stark,2.0,2,2.0,2.0,1.0,1.0
ohio,van wert,1.0,1,3.0,3.0,0.3333333333333333,0.3333333333333333
oklahoma,atoka,1.394086481750603,2,,,,
oklahoma,canadian,0.1494290849784464,1,1.0,1.0,0.1494290849784464,1.0
oklahoma,cleveland,2.3940864817506027,3,1.0,1.0,2.3940864817506027,3.0
oklahoma,creek,1.0,1,,,,
oklahoma,kiowa,1.0,1,,,,
oklahoma,love,31.040841629045936,39,21.0,21.0,1.4781353156688541,1.8571428571428572
oklahoma,muskogee,5.851038418984656,8,13.0,13.0,0.45007987838343505,0.6153846153846154
oklahoma,oklahoma,304.5933685322138,424,614.0,614.0,0.4960804047755925,0.6905537459283387
oklahoma,ottawa,38.48118031629933,67,300.0,300.0,0.1282706010543311,0.22333333333333333
oklahoma,pawnee,2.737512037254465,6,3.0,3.0,0.912504012418155,2.0
oklahoma,seminole,1.1270866442054728,2,,,,
oklahoma,tulsa,255.27969833642607,370,483.0,483.0,0.5285293961416688,0.7660455486542443
oklahoma,woods,2.790761972322188,6,11.0,11.0,0.25370563384747163,0.5454545454545454
oklahoma,woodward,1.2988581699568928,3,1.0,1.0,1.2988581699568928,3.0
oregon,baker,0.5211731259560757,2,,,,
oregon,curry,0.0260205981447612,1,,,,
oregon,hood river,1.7881729635012058,3,6.0,6.0,0.29802882725020097,0.5
pennsylvania,bradford,1.6148220096101071,12,63.0,63.0,0.02563209539063662,0.19047619047619047
pennsylvania,bucks,5.234300641541331,9,63.0,63.0,0.08308413716732271,0.14285714285714285
pennsylvania,butler,16.65973058605716,18,12.0,12.0,1.38831088217143,1.5
pennsylvania,clarion,3.0,3,8.0,8.0,0.375,0.375
pennsylvania,clearfield,0.3940864817506029,1,2.0,2.0,0.19704324087530145,0.5
pennsylvania,clinton,1.1494290849784463,2,1.0,1.0,1.1494290849784463,2.0
pennsylvania,delaware,0.40708913924635,2,2.0,2.0,0.203544569623175,1.0
pennsylvania,erie,101.09269099482691,133,136.0,136.0,0.7433286102560802,0.9779411764705882
pennsylvania,huntingdon,1.0130026574957471,2,4.0,4.0,0.2532506643739368,0.5
pennsylvania,indiana,8.126097124431606,9,14.0,14.0,0.5804355088879719,0.6428571428571429
pennsylvania,lebanon,84.4920046640075,115,230.0,230.0,0.3673565420174239,0.5
pennsylvania,luzerne,0.0745012309224116,2,1.0,1.0,0.0745012309224116,2.0
pennsylvania,mifflin,1.0,1,,,,
pennsylvania,philadelphia,2879.6734621113324,3845,3358.0,3358.0,0.8575561233208256,1.1450268016676592
pennsylvania,somerset,11.101380502131036,20,73.0,73.0,0.15207370550864432,0.273972602739726
pennsylvania,susquehanna,0.3940864817506029,1,,,,
rhode island,newport,9.966853606048602,16,98.0,98.0,0.10170258781682247,0.16326530612244897
rhode island,providence,163.42474935494315,226,388.0,388.0,0.42119780761583286,0.5824742268041238
south carolina,abbeville,1.0,1,1.0,1.0,1.0,1.0
south carolina,aiken,14.645914517149109,18,22.0,22.0,0.6657233871431413,0.8181818181818182
south carolina,bamberg,2.06286545548345,3,,,,
south carolina,barnwell,0.3940864817506029,1,,,,
south carolina,beaufort,17.7321119331794,22,14.0,14.0,1.2665794237985286,1.5714285714285714
south carolina,charleston,299.8852906146352,416,402.0,402.0,0.7459833099866547,1.0348258706467661
south carolina,darlington,14.155233464425827,29,27.0,27.0,0.5242679060898454,1.0740740740740742
south carolina,dillon,1.0130026574957471,2,2.0,2.0,0.5065013287478736,1.0
south carolina,dorchester,11.04317996933996,16,13.0,13.0,0.84947538225692,1.2307692307692308
south carolina,georgetown,17.86744349671369,20,5.0,5.0,3.573488699342738,4.0
south carolina,greenville,113.43195127607892,161,280.0,280.0,0.40511411170028183,0.575
south carolina,greenwood,16.26686166563603,25,31.0,31.0,0.5247374730850332,0.8064516129032258
south carolina,laurens,1.3812599326164183,4,5.0,5.0,0.27625198652328364,0.8
south carolina,newberry,14.934423078039405,16,5.0,5.0,2.986884615607881,3.2
south carolina,orangeburg,11.519817392717503,14,6.0,6.0,1.9199695654529172,2.3333333333333335
south carolina,saluda,3.3940864817506027,4,4.0,4.0,0.8485216204376507,1.0
south carolina,spartanburg,45.2385873843306,59,53.0,53.0,0.8535582525345397,1.1132075471698113
south carolina,sumter,14.913903874468106,18,16.0,16.0,0.9321189921542566,1.125
south dakota,brookings,3.0150493444904614,4,34.0,34.0,0.08867792189677827,0.11764705882352941
south dakota,dewey,0.3940864817506029,1,,,,
south dakota,hand,1.0,1,,,,
south dakota,yankton,2.0,2,6.0,6.0,0.3333333333333333,0.3333333333333333
tennessee,carter,3.3940864817506027,4,8.0,8.0,0.42426081021882533,0.5
tennessee,chester,0.3122471777371344,12,47.0,47.0,0.006643556973130519,0.2553191489361702
tennessee,coffee,2.0614832902733973,4,3.0,3.0,0.6871610967577991,1.3333333333333333
tennessee,dekalb,2.521173125956076,4,3.0,3.0,0.8403910419853586,1.3333333333333333
tennessee,dickson,4.420107079895364,6,5.0,5.0,0.8840214159790728,1.2
tennessee,hawkins,2.1270866442054728,3,9.0,9.0,0.23634296046727477,0.3333333333333333
tennessee,haywood,0.2541732884109456,2,,,,
tennessee,lake,2.9945301409191627,6,2.0,2.0,1.4972650704595813,3.0
tennessee,lauderdale,17.829163482174785,23,1.0,1.0,17.829163482174785,23.0
tennessee,loudon,0.4863596724588341,3,3.0,3.0,0.16211989081961137,1.0
tennessee,macon,2.06286545548345,3,1.0,1.0,2.06286545548345,3.0
tennessee,mcnairy,1.0150493444904614,2,,,,
tennessee,tipton,0.0260205981447612,1,1.0,1.0,0.0260205981447612,1.0
tennessee,union,3.0150493444904614,4,11.0,11.0,0.2740953949536783,0.36363636363636365
tennessee,white,20.073878581762706,31,23.0,23.0,0.8727773296418568,1.3478260869565217
texas,andrews,4.026020598144761,5,2.0,2.0,2.0130102990723806,2.5
texas,austin,1367.9232260202514,2008,3995.0,3995.0,0.34240881752697155,0.5026282853566959
texas,bandera,1.1903183131536281,2,5.0,5.0,0.23806366263072562,0.4
texas,bee,6.013002657495747,7,4.0,4.0,1.5032506643739367,1.75
texas,brazoria,2.1270866442054728,3,9.0,9.0,0.23634296046727477,0.3333333333333333
texas,burleson,5.993153912184401,11,32.0,32.0,0.18728605975576254,0.34375
texas,cameron,2.2541732884109456,4,2.0,2.0,1.1270866442054728,2.0
texas,camp,1.0,1,1.0,1.0,1.0,1.0
texas,childress,1.0,1,2.0,2.0,0.5,0.5
texas,coleman,1.0,1,,,,
texas,colorado,1.0,1,1.0,1.0,1.0,1.0
texas,crockett,1.573214322245598,5,7.0,7.0,0.22474490317794257,0.7142857142857143
texas,crosby,0.1494290849784464,1,6.0,6.0,0.02490484749640773,0.16666666666666666
texas,dallas,3947.427873306401,5768,4220.0,4220.0,0.935409448650806,1.366824644549763
texas,delta,1.40708913924635,3,12.0,12.0,0.11725742827052917,0.25
texas,denton,78.7556219540706,127,180.0,180.0,0.43753123307817005,0.7055555555555556
texas,duval,52.23186109441558,82,19.0,19.0,2.7490453207587144,4.315789473684211
texas,eastland,2.9357788112779772,3,,,,
texas,el paso,434.07413350709294,574,502.0,502.0,0.8646895089782728,1.1434262948207172
texas,galveston,29.71030425249867,55,58.0,58.0,0.5122466250430805,0.9482758620689655
texas,goliad,0.0130026574957471,1,1.0,1.0,0.0130026574957471,1.0
texas,gonzales,2.013002657495747,3,2.0,2.0,1.0065013287478735,1.5
texas,harris,1.0,1,9.0,9.0,0.1111111111111111,0.1111111111111111
texas,hemphill,1.0,1,,,,
texas,henderson,6.090826884689802,10,2.0,2.0,3.045413442344901,5.0
texas,hill,1.0,1,,,,
texas,hockley,0.1270866442054728,1,1.0,1.0,0.1270866442054728,1.0
texas,hood,3.1400893017012197,5,,,,
texas,houston,7065.49747899948,10151,5109.0,5109.0,1.3829511605009748,1.9868858876492463
texas,howard,0.1270866442054728,1,,,,
texas,jack,0.3940864817506029,1,2.0,2.0,0.19704324087530145,0.5
texas,jasper,2.442567114528253,4,,,,
texas,karnes,2.9152596077066786,5,,,,
texas,kaufman,3.1270866442054728,4,6.0,6.0,0.5211811073675788,0.6666666666666666
texas,kenedy,1.0,1,,,,
texas,lamar,1.0,1,,,,
texas,lampasas,5.092273190708231,7,3.0,3.0,1.6974243969027436,2.3333333333333335
texas,liberty,3.9357788112779772,4,7.0,7.0,0.5622541158968539,0.5714285714285714
texas,live oak,1.0,1,6.0,6.0,0.16666666666666666,0.16666666666666666
texas,lubbock,67.6174039962305,109,225.0,225.0,0.3005217955388022,0.48444444444444446
texas,maverick,1.0,1,,,,
texas,medina,1.0,1,,,,
texas,midland,54.00550601226212,75,39.0,39.0,1.3847565644169773,1.9230769230769231
texas,nacogdoches,9.178325481447251,14,23.0,23.0,0.39905762962814134,0.6086956521739131
texas,newton,1.0,1,,,,
texas,oldham,2.865317140649265,14,28.0,28.0,0.10233275502318803,0.5
texas,pecos,3.9357788112779772,4,,,,
texas,real,11.525127395776137,15,2.0,2.0,5.762563697888068,7.5
texas,red river,1.0,1,,,,
texas,refugio,0.1270866442054728,1,2.0,2.0,0.0635433221027364,0.5
texas,rockwall,13.758250125184077,19,18.0,18.0,0.7643472291768931,1.0555555555555556
texas,scurry,2.0,2,1.0,1.0,2.0,2.0
texas,sherman,9.97767786524253,15,22.0,22.0,0.45353081205647866,0.6818181818181818
texas,stonewall,0.3806366263072562,2,,,,
texas,sutton,1.1494290849784463,2,5.0,5.0,0.22988581699568927,0.4
texas,terrell,6.2541732884109456,8,2.0,2.0,3.1270866442054728,4.0
texas,terry,1.0130026574957471,2,,,,
texas,trinity,2.013002657495747,3,1.0,1.0,2.013002657495747,3.0
texas,uvalde,4.903644508281902,11,4.0,4.0,1.2259111270704754,2.75
texas,victoria,20.816703146505304,27,24.0,24.0,0.8673626311043877,1.125
texas,wharton,13.316049224120528,16,1.0,1.0,13.316049224120528,16.0
texas,wilson,0.9357788112779772,1,,,,
texas,yoakum,1.1270866442054728,2,,,,
texas,zapata,0.1903183131536281,1,2.0,2.0,0.09515915657681405,0.5
utah,rich,1.1494290849784463,2,3.0,3.0,0.38314302832614877,0.6666666666666666
utah,salt lake,240.85851627874376,362,836.0,836.0,0.2881082730606983,0.43301435406698563
utah,summit,0.1270866442054728,1,1.0,1.0,0.1270866442054728,1.0
utah,tooele,3.3113953024446507,56,6.0,6.0,0.5518992170741085,9.333333333333334
utah,weber,0.1494290849784464,1,,,,
vermont,bennington,2.0,2,3.0,3.0,0.6666666666666666,0.6666666666666666
vermont,caledonia,2.257189634929279,8,16.0,16.0,0.14107435218307993,0.5
vermont,rutland,1.3216300426556347,5,17.0,17.0,0.07774294368562557,0.29411764705882354
vermont,windsor,0.584404794904231,2,19.0,19.0,0.030758147100222687,0.10526315789473684
virginia,alexandria,66.53668963969155,94,341.0,341.0,0.1951222570078931,0.2756598240469208
virginia,amherst,1.1270866442054728,2,2.0,2.0,0.5635433221027364,1.0
virginia,arlington,46.05402414094179,73,418.0,418.0,0.11017709124627223,0.17464114832535885
virginia,augusta,4.190318313153628,5,3.0,3.0,1.3967727710512092,1.6666666666666667
virginia,bath,1.9011094368655852,12,65.0,65.0,0.02924783749023977,0.18461538461538463
virginia,bedford,4.256200115155411,10,21.0,21.0,0.20267619595978148,0.47619047619047616
virginia,botetourt,1.0,1,1.0,1.0,1.0,1.0
virginia,bristol,1.0,1,13.0,13.0,0.07692307692307693,0.07692307692307693
virginia,brunswick,1.394086481750603,2,,,,
virginia,buckingham,0.3940864817506029,1,4.0,4.0,0.09852162043765073,0.25
virginia,charlottesville,35.48806716699682,56,292.0,292.0,0.12153447659930418,0.1917808219178082
virginia,chesapeake,52.95221516243534,71,73.0,73.0,0.7253728104443197,0.9726027397260274
virginia,chesterfield,4.106296380049634,14,69.0,69.0,0.059511541739849766,0.2028985507246377
virginia,clarke,2.0,2,,,,
virginia,colonial heights,1.0,1,5.0,5.0,0.2,0.2
virginia,covington,2.0,2,2.0,2.0,1.0,1.0
virginia,culpeper,2.0,2,4.0,4.0,0.5,0.5
virginia,cumberland,0.3940864817506029,1,,,,
virginia,danville,42.31005738989268,56,31.0,31.0,1.36484056096428,1.8064516129032258
virginia,dinwiddie,2.0,2,9.0,9.0,0.2222222222222222,0.2222222222222222
virginia,essex,57.051388736683506,241,401.0,401.0,0.14227278986704117,0.600997506234414
virginia,fairfax,31.377244012147244,41,157.0,157.0,0.19985505740221174,0.2611464968152866
virginia,falls church,3.9945301409191627,7,50.0,50.0,0.07989060281838326,0.14
virginia,frederick,1.0,1,2.0,2.0,0.5,0.5
virginia,fredericksburg,32.09011081129996,49,93.0,93.0,0.3450549549602146,0.5268817204301075
virginia,galax,1.0,1,1.0,1.0,1.0,1.0
virginia,gloucester,2.3055526738470133,9,18.0,18.0,0.12808625965816742,0.5
virginia,goochland,1.0,1,3.0,3.0,0.3333333333333333,0.3333333333333333
virginia,halifax,6.8974944979548605,19,71.0,71.0,0.09714780983035015,0.2676056338028169
virginia,hampton,99.72175553881239,125,63.0,63.0,1.5828850085525776,1.9841269841269842
virginia,hanover,1.9282622652024257,5,6.0,6.0,0.3213770442004043,0.8333333333333334
virginia,harrisonburg,17.786370032315034,22,36.0,36.0,0.49406583423097317,0.6111111111111112
virginia,henrico,1.394086481750603,2,14.0,14.0,0.09957760583932877,0.14285714285714285
virginia,henry,0.1585410664249682,2,2.0,2.0,0.0792705332124841,1.0
virginia,hopewell,6.788172963501205,8,6.0,6.0,1.1313621605835342,1.3333333333333333
virginia,isle of wight,10.673117571807696,24,48.0,48.0,0.222356616079327,0.5
virginia,king george,0.1903183131536281,1,5.0,5.0,0.03806366263072562,0.2
virginia,lancaster,1.0,1,,,,
virginia,lexington,1.1903183131536281,2,10.0,10.0,0.11903183131536281,0.2
virginia,loudoun,2.092273190708231,4,14.0,14.0,0.14944808505058793,0.2857142857142857
virginia,lynchburg,18.920803504167328,30,87.0,87.0,0.21748050004790032,0.3448275862068966
virginia,manassas,14.028428933169454,20,37.0,37.0,0.3791467279234988,0.5405405405405406
virginia,manassas park,1.0,1,8.0,8.0,0.125,0.125
virginia,martinsville,6.0,6,15.0,15.0,0.4,0.4
virginia,middlesex,3.0,3,4.0,4.0,0.75,0.75
virginia,newport news,93.08508174483546,141,75.0,75.0,1.2411344232644728,1.88
virginia,norfolk,208.63497193457735,300,267.0,267.0,0.78140438926808,1.1235955056179776
virginia,northampton,2.6992125324639935,13,57.0,57.0,0.04735460583270164,0.22807017543859648
virginia,northumberland,2.8971674426569898,17,79.0,79.0,0.03667300560325303,0.21518987341772153
virginia,norton,0.6104253930489922,3,1.0,1.0,0.6104253930489922,3.0
virginia,page,2.06286545548345,3,,,,
virginia,petersburg,24.122330977269492,30,12.0,12.0,2.010194248105791,2.5
virginia,poquoson,3.442567114528253,5,2.0,2.0,1.7212835572641265,2.5
virginia,portsmouth,31.387356053973612,45,39.0,39.0,0.8048040013839388,1.1538461538461537
virginia,prince george,0.0260205981447612,1,35.0,35.0,0.0007434456612788914,0.02857142857142857
virginia,radford,6.673290848532442,10,15.0,15.0,0.44488605656882946,0.6666666666666666
virginia,richmond,458.5833884773447,635,799.0,799.0,0.573946668932847,0.7947434292866082
virginia,roanoke,45.35378200201476,58,123.0,123.0,0.36872993497572976,0.4715447154471545
virginia,salem,2.0,2,15.0,15.0,0.13333333333333333,0.13333333333333333
virginia,scott,0.0130026574957471,1,,,,
virginia,southampton,7.740815551045609,34,113.0,113.0,0.06850279248712927,0.3008849557522124
virginia,stafford,7.272234748631034,14,40.0,40.0,0.18180586871577584,0.35
virginia,staunton,2.9603235519110385,7,29.0,29.0,0.10208012247969098,0.2413793103448276
virginia,suffolk,20.204526794052054,28,24.0,24.0,0.8418552830855023,1.1666666666666667
virginia,sussex,6.564421466893117,12,50.0,50.0,0.13128842933786233,0.24
virginia,virginia beach,219.08015500583406,326,387.0,387.0,0.5660985917463413,0.8423772609819121
virginia,waynesboro,1.420107079895364,3,14.0,14.0,0.10143621999252601,0.21428571428571427
virginia,williamsburg,17.888281025280676,25,81.0,81.0,0.2208429756207491,0.30864197530864196
virginia,winchester,10.05377913763439,20,45.0,45.0,0.2234173141696531,0.4444444444444444
virginia,york,7.78540774924958,27,109.0,109.0,0.07142575916742734,0.24770642201834864
washington,benton,1.0,1,1.0,1.0,1.0,1.0
washington,chelan,1.1903183131536281,2,1.0,1.0,1.1903183131536281,2.0
washington,island,6.626464257313321,10,7.0,7.0,0.9466377510447602,1.4285714285714286
washington,king,4.876959388352479,9,17.0,17.0,0.28687996402073407,0.5294117647058824
washington,kitsap,0.9357788112779772,1,5.0,5.0,0.18715576225559544,0.2
washington,pacific,1.0,1,3.0,3.0,0.3333333333333333,0.3333333333333333
washington,san juan,1.6482597701615485,4,3.0,3.0,0.5494199233871828,1.3333333333333333
washington,skagit,1.0130026574957471,2,1.0,1.0,1.0130026574957471,2.0
washington,snohomish,4.079270533212484,5,40.0,40.0,0.1019817633303121,0.125
washington,spokane,74.89425807975923,109,337.0,337.0,0.2222381545393449,0.32344213649851633
washington,walla walla,3.534175783451823,6,13.0,13.0,0.27185967565014024,0.46153846153846156
washington,whitman,0.3940864817506029,1,,,,
washington,yakima,19.38445946313298,27,33.0,33.0,0.5874078625191812,0.8181818181818182
west virginia,boone,1.0,1,2.0,2.0,0.5,0.5
west virginia,brooke,1.0,1,,,,
west virginia,hampshire,20.092524167655885,56,104.0,104.0,0.19319734776592196,0.5384615384615384
west virginia,lewis,1.0,1,,,,
west virginia,preston,4.221131407647734,16,45.0,45.0,0.09380292016994965,0.35555555555555557
west virginia,webster,1.0,1,1.0,1.0,1.0,1.0
wisconsin,brown,3.0725843014190892,5,4.0,4.0,0.7681460753547723,1.25
wisconsin,calumet,2.0,2,,,,
wisconsin,eau claire,4.62516100430633,11,47.0,47.0,0.09840768094268787,0.23404255319148937
wisconsin,florence,4.32986529302858,5,4.0,4.0,1.082466323257145,1.25
wisconsin,fond du lac,2.420107079895364,4,22.0,22.0,0.11000486726797108,0.18181818181818182
wisconsin,forest,5.559107233045778,10,10.0,10.0,0.5559107233045778,1.0
wisconsin,grant,1.0260205981447612,2,,,,
wisconsin,green lake,0.7881729635012058,2,,,,
wisconsin,jefferson,1.0,1,3.0,3.0,0.3333333333333333,0.3333333333333333
wisconsin,kenosha,38.11261089933613,49,53.0,53.0,0.7191058660252101,0.9245283018867925
wisconsin,la crosse,13.346558446672363,21,55.0,55.0,0.2426646990304066,0.38181818181818183
wisconsin,manitowoc,1.0,1,3.0,3.0,0.3333333333333333,0.3333333333333333
wisconsin,marathon,7.189952099688923,9,1.0,1.0,7.189952099688923,9.0
wisconsin,marinette,1.1494290849784463,2,7.0,7.0,0.1642041549969209,0.2857142857142857
wisconsin,milwaukee,727.677327589896,1015,1068.0,1068.0,0.6813458123500898,0.950374531835206
wisconsin,oconto,2.0,2,2.0,2.0,1.0,1.0
wisconsin,polk,4.0,4,,,,
wisconsin,racine,30.62268895062181,44,40.0,40.0,0.7655672237655453,1.1
wisconsin,rock,1.0,1,2.0,2.0,0.5,0.5
wisconsin,sheboygan,6.2761321250071544,12,27.0,27.0,0.23244933796322795,0.4444444444444444
wisconsin,waukesha,4.417269552669801,9,38.0,38.0,0.1162439355965737,0.23684210526315788
wisconsin,winnebago,0.1903183131536281,1,,,,
wyoming,big horn,1.0,1,1.0,1.0,1.0,1.0
wyoming,hot springs,1.0,1,,,,
wyoming,laramie,10.811455663197341,15,36.0,36.0,0.3003182128665928,0.4166666666666667
wyoming,park,1.0,1,,,,
wyoming,sheridan,2.0484806327776504,3,16.0,16.0,0.12803003954860315,0.1875
